,이름,평점,종류
0,리플 슬림 카라 티셔츠,4,티셔츠
1,리플 슬림 카라 티셔츠,1,티셔츠
2,리플 슬림 카라 티셔츠,2,티셔츠
3,리플 슬림 카라 티셔츠,1,티셔츠
4,공용) 튜블러 티셔츠 5팩,2,티셔츠
5,+5cm 반팔 레이어드티셔츠,1,티셔츠
6,기모 와플 라운드 티셔츠,4,티셔츠
7,기모 와플 라운드 티셔츠,5,티셔츠
8,기모 와플 라운드 티셔츠,3,티셔츠
9,공용) 튜블러 티셔츠 5팩,3,티셔츠
10,기모 와플 라운드 티셔츠,2,티셔츠
11,기모 와플 라운드 티셔츠,3,티셔츠
12,오버핏 스웨트 후드 티셔츠,1,티셔츠
13,오버핏 나일론 반팔티셔츠,1,티셔츠
14,오버핏 나일론 반팔티셔츠,1,티셔츠
15,오버핏 나일론 반팔티셔츠,5,티셔츠
16,이지웨어 기모 티셔츠,3,티셔츠
17,CITYBOY 그래픽 반팔티셔츠,3,티셔츠
18,CITYBOY 그래픽 반팔티셔츠,5,티셔츠
19,레터링 반팔티셔츠,5,티셔츠
20,레터링 반팔티셔츠,5,티셔츠
21,레터링 반팔티셔츠,2,티셔츠
22,EARTH 그래픽 반팔티셔츠,4,티셔츠
23,EARTH 그래픽 반팔티셔츠,1,티셔츠
24,EARTH 그래픽 반팔티셔츠,1,티셔츠
25,리플렉티브 로고 반팔티셔츠,1,티셔츠
26,원포인트 스몰로고 반팔티셔츠,1,티셔츠
27,원포인트 스몰로고 반팔티셔츠,4,티셔츠
28,원포인트 스몰로고 반팔티셔츠,4,티셔츠
29,원포인트 스몰로고 반팔티셔츠,4,티셔츠
30,이지웨어 기모 티셔츠,2,티셔츠
31,원포인트 스몰로고 반팔티셔츠,5,티셔츠
32,원포인트 스몰로고 반팔티셔츠,3,티셔츠
33,+5cm 반팔 레이어드티셔츠,1,티셔츠
34,오버핏 스웨트 후드 티셔츠,4,티셔츠
35,오버핏 스웨트 후드 티셔츠,5,티셔츠
36,오버핏 스웨트 후드 티셔츠,4,티셔츠
37,남성) ON AIR 모이스처웜 크루넥 반팔티,2,티셔츠
38,남성) ON AIR 모이스처웜 크루넥 반팔티,3,티셔츠
39,남성) ON AIR 모이스처웜 크루넥 반팔티,5,티셔츠
40,라이브 에센셜 3PACK 반팔티,5,티셔츠
41,라이브 에센셜 3PACK 반팔티,2,티셔츠
42,타이다이 포켓 반팔티,1,티셔츠
43,로고 와펜 반팔티,3,티셔츠
44,오버핏 나일론 반팔티셔츠,3,티셔츠
45,오버핏 나일론 반팔티셔츠,3,티셔츠
46,오버핏 나일론 반팔티셔츠,3,티셔츠
47,타이다이 포켓 반팔티,5,티셔츠
48,오버핏 스트라이프 반팔티,1,티셔츠
49,그래픽 반팔티,3,티셔츠
50,그래픽 반팔티,5,티셔츠
51,그래픽 반팔티,1,티셔츠
52,그래픽 반팔티,5,티셔츠
53,로고 반팔티,2,티셔츠
54,로고 반팔티,4,티셔츠
55,로고 반팔티,2,티셔츠
56,로고 와펜 반팔티,1,티셔츠
57,로고 와펜 반팔티,5,티셔츠
58,CITYBOY 그래픽 반팔티셔츠,3,티셔츠
59,CITYBOY 그래픽 반팔티셔츠,2,티셔츠
60,레터링 반팔티셔츠,3,티셔츠
61,레터링 반팔티셔츠,2,티셔츠
62,레터링 반팔티셔츠,1,티셔츠
63,EARTH 그래픽 반팔티셔츠,4,티셔츠
64,EARTH 그래픽 반팔티셔츠,4,티셔츠
65,EARTH 그래픽 반팔티셔츠,5,티셔츠
66,리플렉티브 로고 반팔티셔츠,3,티셔츠
67,원포인트 스몰로고 반팔티셔츠,5,티셔츠
68,원포인트 스몰로고 반팔티셔츠,2,티셔츠
69,원포인트 스몰로고 반팔티셔츠,4,티셔츠
70,원포인트 스몰로고 반팔티셔츠,5,티셔츠
71,원포인트 스몰로고 반팔티셔츠,5,티셔츠
72,원포인트 스몰로고 반팔티셔츠,2,티셔츠
73,스탠다드 라운드넥 긴팔티 ,2,티셔츠
74,스탠다드 라운드넥 긴팔티 ,4,티셔츠
75,스탠다드 라운드넥 긴팔티 ,4,티셔츠
76,스탠다드 라운드넥 긴팔티 ,4,티셔츠
77,스탠다드 라운드넥 긴팔티 ,4,티셔츠
78,남성) ON AIR 모이스처웜 크루넥 긴팔티,3,티셔츠
79,남성) ON AIR 모이스처웜 크루넥 긴팔티,1,티셔츠
80,남성) ON AIR 모이스처웜 브이넥 긴팔티,3,티셔츠
81,남성) ON AIR 모이스처웜 브이넥 긴팔티,3,티셔츠
82,남성) ON AIR 모이스처웜 크루넥 긴팔티,3,티셔츠
83,남성) 코숏 쿨텐션 긴팔티,2,티셔츠
84,남성) 조직변형 크루넥 긴팔티,4,티셔츠
85,스탠다드 라운드넥 긴팔티 ,4,티셔츠
86,스탠다드 라운드넥 긴팔티 ,3,티셔츠
87,세미오버핏 와플조직 모크넥 긴팔티,5,티셔츠
88,세미오버핏 와플조직 모크넥 긴팔티,2,티셔츠
89,세미오버핏 와플조직 모크넥 긴팔티,3,티셔츠
90,오버사이즈 코튼 칼라 긴팔티,4,티셔츠
91,배색 넥라인 긴팔티,3,티셔츠
92,남성) ON AIR 수퍼웜 크루넥 긴팔티,4,티셔츠
93,세미오버핏 와플조직 모크넥 긴팔티,4,티셔츠
94,세미오버핏 와플조직 모크넥 긴팔티,2,티셔츠
95,오버사이즈 하프 집업 긴팔티,3,티셔츠
96,미니 와펜 크루넥 긴팔티,5,티셔츠
97,배색 넥라인 긴팔티,5,티셔츠
98,배색 넥라인 긴팔티,2,티셔츠
99,남성) 코숏 쿨텐션 긴팔티,1,티셔츠
100,미니 와펜 크루넥 긴팔티,3,티셔츠
101,크루넥 포인트 긴팔티,4,티셔츠
102,크루넥 포인트 긴팔티,1,티셔츠
103,크루넥 포인트 긴팔티,2,티셔츠
104,소프트 크루넥 긴팔티,1,티셔츠
105,남성) ON AIR 수퍼웜 크루넥 긴팔티,5,티셔츠
106,남성) ON AIR 모이스처웜 크루넥 긴팔티,5,티셔츠
107,남성) 조직변형 크루넥 긴팔티,1,티셔츠
108,남성) 조직변형 크루넥 긴팔티,3,티셔츠
109,공용) 헤비웨이트 코튼 그래픽 반팔 티 (오버핏),5,티셔츠
110,공용) 헤비웨이트 코튼 그래픽 반팔 티 (오버핏),4,티셔츠
111,공용) 헤비웨이트 코튼 그래픽 반팔 티 (오버핏),3,티셔츠
112,남성) 프리미엄 와플 슬릿넥 반팔 티,4,티셔츠
113,남성) 프리미엄 와플 슬릿넥 반팔 티,4,티셔츠
114,남성) 프리미엄 와플 슬릿넥 반팔 티,1,티셔츠
115,남성) 프리미엄 와플 슬릿넥 반팔 티,2,티셔츠
116,공용) 헤비웨이트 코튼 반팔 티 (오버핏),3,티셔츠
117,공용) 헤비웨이트 코튼 반팔 티 (오버핏),4,티셔츠
118,공용) 에코쿨링 그래픽 반팔 티,4,티셔츠
119,남성) BALANCE 에어매쉬 베이직 반팔 티,2,티셔츠
120,공용) 에코쿨링 그래픽 반팔 티,4,티셔츠
121,공용) 코튼 레이어드 반팔 티 (2PACK),3,티셔츠
122,남성) BALANCE 쿨에어 테크 냉감 반팔 티,4,티셔츠
123,남성) BALANCE 쿨에어 테크 냉감 반팔 티,5,티셔츠
124,남성) BALANCE 쿨에어 테크 냉감 반팔 티,4,티셔츠
125,남성) BALANCE 에어매쉬 베이직 반팔 티,5,티셔츠
126,남성) BALANCE 에어매쉬 베이직 반팔 티,1,티셔츠
127,남성) BALANCE 에어매쉬 베이직 반팔 티,4,티셔츠
128,남성) BALANCE 에코쿨링 반팔 티,5,티셔츠
129,남성) BALANCE 에코쿨링 반팔 티,5,티셔츠
130,공용) 오가닉 크루넥 긴팔 티,2,티셔츠
131,공용) 오가닉 크루넥 긴팔 티,1,티셔츠
132,공용) 오가닉 크루넥 긴팔 티,5,티셔츠
133,공용) 오가닉 크루넥 긴팔 티,2,티셔츠
134,와플 조직 라운드 긴팔 티,4,티셔츠
135,와플 조직 라운드 긴팔 티,1,티셔츠
136,와플 조직 라운드 긴팔 티,4,티셔츠
137,와플 조직 라운드 긴팔 티,1,티셔츠
138,와플 조직 라운드 긴팔 티,3,티셔츠
139,문베어 자수 텍스쳐드 긴팔 티,3,티셔츠
140,남성) 헤비코튼 긴팔 티 (오버핏),3,티셔츠
141,남성) 헤비코튼 긴팔 티 (오버핏),4,티셔츠
142,와플 조직 긴팔 티,4,티셔츠
143,문베어 자수 텍스쳐드 긴팔 티,4,티셔츠
144,남성) 코튼 그래픽 긴팔 티 (오버핏),5,티셔츠
145,공용) 오가닉 크루넥 긴팔 티,2,티셔츠
146,남성) 와플 텍스쳐드 긴팔 티,2,티셔츠
147,남성) 코튼 그래픽 긴팔 티 (오버핏),2,티셔츠
148,남성) 와플 텍스쳐드 긴팔 티,1,티셔츠
149,문베어 자수 텍스쳐드 긴팔 티,3,티셔츠
150,남성) 슈퍼웜 터틀넥 긴팔 티,4,티셔츠
151,남성) 브러쉬드 와플 크루넥 긴팔 티,1,티셔츠
152,문베어 자수 텍스쳐드 긴팔 티,4,티셔츠
153,남성) 코튼 그래픽 긴팔 티 (오버핏),5,티셔츠
154,남성) 코튼 그래픽 긴팔 티 (오버핏),5,티셔츠
155,남성) 브러쉬드 와플 크루넥 긴팔 티,2,티셔츠
156,남성) 와플 텍스쳐드 긴팔 티,3,티셔츠
157,남성) 브러쉬드 립 모크넥 긴팔 티,4,티셔츠
158,남성) 브러쉬드 립 모크넥 긴팔 티,4,티셔츠
159,문베어 와펜 스트라이프 긴팔 티,2,티셔츠
160,와플 조직 긴팔 티,1,티셔츠
161,쿨텐션 슬릿 긴팔 티,4,티셔츠
162,쿨텐션 슬릿 긴팔 티,2,티셔츠
163,와플 조직 긴팔 티,5,티셔츠
164,와플 조직 긴팔 티,3,티셔츠
165,와플 조직 긴팔 티,3,티셔츠
166,남성) 브러쉬드 와플 크루넥 긴팔 티,3,티셔츠
167,문베어 와펜 스트라이프 긴팔 티,3,티셔츠
168,쿨텐션 슬릿 긴팔 티,1,티셔츠
169,문베어 와펜 스트라이프 긴팔 티,4,티셔츠
170,와플 조직 긴팔 티,4,티셔츠
171,[유니버스] 레터링 오버핏 기모 맨투맨,5,맨투맨
172,[유니버스] 레터링 오버핏 기모 맨투맨,5,맨투맨
173,[유니버스] 레터링 오버핏 기모 맨투맨,4,맨투맨
174,공용) 더블니트 그래픽 맨투맨,5,맨투맨
175,공용) 기모 캠핑 그래픽 맨투맨,2,맨투맨
176,공용) 더블니트 그래픽 맨투맨,3,맨투맨
177,공용) 기모 캠핑 그래픽 맨투맨,3,맨투맨
178,공용) 기모 캠핑 그래픽 맨투맨,2,맨투맨
179,순댕이 와펜 더블 플리스 맨투맨,5,맨투맨
180,오버핏 고래 그래픽 맨투맨,2,맨투맨
181,오버핏 빅로고 맨투맨,2,맨투맨
182,빈티지 나염 맨투맨,3,맨투맨
183,오버핏 고래 그래픽 맨투맨,5,맨투맨
184,오버핏 빅로고 맨투맨,5,맨투맨
185,오버핏 하프집업 맨투맨,1,맨투맨
186,오버핏 CITY 그래픽 맨투맨,3,맨투맨
187,오버핏 뉴욕 맨투맨,1,맨투맨
188,오버핏 빅로고 맨투맨,1,맨투맨
189,오버핏 원포인트 로고 맨투맨,3,맨투맨
190,오버핏 원포인트 로고 맨투맨,2,맨투맨
191,오버핏 원포인트 로고 맨투맨,4,맨투맨
192,빈티지 나염 맨투맨,4,맨투맨
193,오버핏 하프집업 맨투맨,2,맨투맨
194,[유니버스] 하프집업 기모 맨투맨,2,맨투맨
195,[유니버스] 레터링 오버핏 기모 맨투맨,2,맨투맨
196,공용) 기모 캠핑 그래픽 맨투맨,5,맨투맨
197,공용) 소프트 테리 솔리드 맨투맨,5,맨투맨
198,공용) 더블니트 그래픽 맨투맨,4,맨투맨
199,순댕이 와펜 더블 플리스 맨투맨,2,맨투맨
200,순댕이 와펜 더블 플리스 맨투맨,2,맨투맨
201,오버핏 그래픽 맨투맨,5,맨투맨
202,오버핏 CITY 그래픽 맨투맨,3,맨투맨
203,오버핏 고래 그래픽 맨투맨,5,맨투맨
204,오버핏 빅로고 맨투맨,4,맨투맨
205,오버핏 원포인트 로고 맨투맨,5,맨투맨
206,오버핏 원포인트 로고 맨투맨,5,맨투맨
207,오버핏 원포인트 로고 맨투맨,5,맨투맨
208,오버핏 럭키 레터링 맨투맨,1,맨투맨
209,오버핏 아트웍 맨투맨,3,맨투맨
210,오버핏 뉴욕 맨투맨,1,맨투맨
211,오버핏 뉴욕 맨투맨,3,맨투맨
212,오버핏 빅로고 맨투맨,4,맨투맨
213,오버핏 하프집업 맨투맨,5,맨투맨
214,오버핏 그래픽 맨투맨,2,맨투맨
215,오버핏 CITY 그래픽 맨투맨,4,맨투맨
216,그래픽 루즈핏 기모 맨투맨,5,맨투맨
217,그래픽 루즈핏 기모 맨투맨,3,맨투맨
218,그래픽 루즈핏 기모 맨투맨,5,맨투맨
219,그래픽 루즈핏 기모 맨투맨,3,맨투맨
220,그래픽 루즈핏 기모 맨투맨,1,맨투맨
221,[유니버스] 하프집업 기모 맨투맨,3,맨투맨
222,[유니버스] 레터링 오버핏 기모 맨투맨,5,맨투맨
223,올리버 캠퍼스 맨투맨,2,맨투맨
224,올리버 캠퍼스 맨투맨,4,맨투맨
225,올리버 캠퍼스 맨투맨,2,맨투맨
226,올리버 캠퍼스 맨투맨,5,맨투맨
227,공용) 소프트 테리 솔리드 맨투맨,1,맨투맨
228,공용) 소프트 테리 솔리드 맨투맨,5,맨투맨
229,공용) 기모 캠핑 그래픽 맨투맨,1,맨투맨
230,공용) 기모 캠핑 그래픽 맨투맨,2,맨투맨
231,순댕이 와펜 더블 플리스 맨투맨,5,맨투맨
232,순댕이 와펜 더블 플리스 맨투맨,3,맨투맨
233,오버핏 CITY 그래픽 맨투맨,3,맨투맨
234,오버핏 아트웍 맨투맨,5,맨투맨
235,오버핏 아트웍 맨투맨,3,맨투맨
236,오버핏 아트웍 맨투맨,2,맨투맨
237,오버핏 빅로고 맨투맨,4,맨투맨
238,오버핏 원포인트 로고 맨투맨,2,맨투맨
239,오버핏 원포인트 로고 맨투맨,2,맨투맨
240,오버핏 그래픽 맨투맨,1,맨투맨
241,오버핏 칼라 맨투맨,4,맨투맨
242,오버핏 CITY 그래픽 맨투맨,2,맨투맨
243,오버핏 럭키 레터링 맨투맨,5,맨투맨
244,오버핏 아트웍 맨투맨,4,맨투맨
245,오버핏 아트웍 맨투맨,1,맨투맨
246,오버핏 뉴욕 맨투맨,2,맨투맨
247,오버핏 뉴욕 맨투맨,1,맨투맨
248,그래픽 루즈핏 기모 맨투맨,1,맨투맨
249,하이넥 반집업 맨투맨,4,맨투맨
250,그래픽 루즈핏 기모 맨투맨,2,맨투맨
251,그래픽 루즈핏 기모 맨투맨,3,맨투맨
252,[유니버스] 레터링 오버핏 기모 맨투맨,5,맨투맨
253,소프트 플리스 맨투맨,3,맨투맨
254,공용) 코숏 그래픽 플리스 맨투맨,5,맨투맨
255,공용) 소프트 테리 솔리드 맨투맨,5,맨투맨
256,공용) 코숏 그래픽 플리스 맨투맨,1,맨투맨
257,공용) 소프트 테리 솔리드 맨투맨,3,맨투맨
258,순댕이 와펜 더블 플리스 맨투맨,2,맨투맨
259,순댕이 와펜 더블 플리스 맨투맨,5,맨투맨
260,공용) 순댕이 와펜 더블니트 맨투맨,2,맨투맨
261,순댕이 와펜 더블 플리스 맨투맨,4,맨투맨
262,오버핏 나일론 풀오버 맨투맨,2,맨투맨
263,오버핏 나일론 풀오버 맨투맨,2,맨투맨
264,오버핏 나일론 풀오버 맨투맨,5,맨투맨
265,공용) HABIT 에코 플리스 맨투맨 (캠페인),5,맨투맨
266,공용) 더블니트 그래픽 맨투맨,4,맨투맨
267,공용) 코숏 그래픽 플리스 맨투맨,3,맨투맨
268,공용) 코숏 그래픽 플리스 맨투맨,2,맨투맨
269,공용) 코숏 그래픽 플리스 맨투맨,4,맨투맨
270,순댕이 와펜 더블 플리스 맨투맨,2,맨투맨
271,순댕이 와펜 더블 플리스 맨투맨,2,맨투맨
272,TMR)오버핏 하프집업 맨투맨_RAC5TR1602,2,맨투맨
273,TMR)오버핏 하프집업 맨투맨_RAC5TR1602,1,맨투맨
274,오버핏 칼라 맨투맨,2,맨투맨
275,오버핏 칼라 맨투맨,5,맨투맨
276,공용) 소프트 테리 솔리드 맨투맨,1,맨투맨
277,공용) 코숏 그래픽 플리스 맨투맨,4,맨투맨
278,공용) 코숏 그래픽 플리스 맨투맨,2,맨투맨
279,공용) 순댕이 와펜 더블니트 맨투맨,2,맨투맨
280,순댕이 와펜 더블 플리스 맨투맨,1,맨투맨
281,공용) 순댕이 와펜 더블니트 맨투맨,5,맨투맨
282,문베어 아트웍 테리 맨투맨,1,맨투맨
283,오버핏 럭키 레터링 맨투맨,4,맨투맨
284,오버핏 뉴욕 맨투맨,1,맨투맨
285,오버핏 원포인트 로고 맨투맨,3,맨투맨
286,오버핏 하프집업 맨투맨 셋업 (BK),4,맨투맨
287,오버핏 하프집업 맨투맨 셋업 (IV),3,맨투맨
288,오버핏 하프집업 맨투맨 셋업 (MGR),3,맨투맨
289,오버핏 그래픽 맨투맨 셋업 (IV),5,맨투맨
290,오버핏 그래픽 맨투맨 셋업 (BK),5,맨투맨
291,오버핏 그래픽 맨투맨 셋업 (MGR),4,맨투맨
292,나일론 맨투맨 셋업 (KH),5,맨투맨
293,나일론 맨투맨 셋업 (BK),4,맨투맨
294,나일론 맨투맨 셋업 (LGR),3,맨투맨
295,[유니버스] 하프집업 기모 맨투맨,1,맨투맨
296,공용) 소프트 테리 솔리드 맨투맨,2,맨투맨
297,공용) 기모 캠핑 그래픽 맨투맨,3,맨투맨
298,공용) 플리스 레거시 맨투맨,5,맨투맨
299,공용) 코숏 그래픽 플리스 맨투맨,2,맨투맨
300,공용) 코숏 그래픽 플리스 맨투맨,4,맨투맨
301,공용) 플리스 레거시 맨투맨,4,맨투맨
302,공용) 코숏 그래픽 플리스 맨투맨,1,맨투맨
303,공용) 코숏 그래픽 플리스 맨투맨,5,맨투맨
304,[PRJCT] 에센셜 세미오버핏 맨투맨,2,맨투맨
305,오버핏 아트웍 맨투맨,3,맨투맨
306,오버핏 빅로고 맨투맨,2,맨투맨
307,오버핏 빅로고 맨투맨,3,맨투맨
308,오버핏 고래 그래픽 맨투맨,4,맨투맨
309,공용) 코숏 그래픽 맨투맨,2,맨투맨
310,공용) 플리스 레거시 맨투맨,4,맨투맨
311,공용) 플리스 레거시 맨투맨,5,맨투맨
312,공용) 코숏 그래픽 플리스 맨투맨,3,맨투맨
313,원마일웨어 그래픽 맨투맨,2,맨투맨
314,원마일웨어 그래픽 맨투맨,1,맨투맨
315,문베어 아트웍 테리 맨투맨,4,맨투맨
316,[PRJCT] 에센셜 세미오버핏 맨투맨,1,맨투맨
317,공용) 코숏 그래픽 맨투맨,2,맨투맨
318,공용) 플리스 레거시 맨투맨,4,맨투맨
319,공용) 플리스 레거시 맨투맨,2,맨투맨
320,원마일웨어 그래픽 맨투맨,5,맨투맨
321,원마일웨어 그래픽 맨투맨,2,맨투맨
322,문베어 아트웍 테리 맨투맨,2,맨투맨
323,[PRJCT] 에센셜 세미오버핏 맨투맨,2,맨투맨
324,순댕이 와펜 더블 플리스 맨투맨,5,맨투맨
325,공용) HABIT 에코 플리스 맨투맨 (캠페인),2,맨투맨
326,공용) HABIT 에코 플리스 맨투맨 (캠페인),4,맨투맨
327,공용) 코숏 그래픽 맨투맨,1,맨투맨
328,공용) 코숏 그래픽 맨투맨,2,맨투맨
329,공용) 캠핑 그래픽 맨투맨,1,맨투맨
330,공용) 캠핑 그래픽 맨투맨,5,맨투맨
331,공용) 캠핑 그래픽 맨투맨,3,맨투맨
332,공용) 코숏 그래픽 맨투맨,2,맨투맨
333,공용) 캠핑 그래픽 맨투맨,3,맨투맨
334,공용) 캠핑 그래픽 맨투맨,3,맨투맨
335,공용) 캠핑 그래픽 맨투맨,4,맨투맨
336,공용) 캠핑 그래픽 맨투맨,2,맨투맨
337,공용) 캠핑 그래픽 맨투맨,3,맨투맨
338,문베어 아트웍 테리 맨투맨,1,맨투맨
339,문베어 아트웍 테리 맨투맨,2,맨투맨
340,문베어 아트웍 테리 맨투맨,3,맨투맨
341,[유니버스] 레터링 오버핏 기모 후드티,3,후드
342,[유니버스] 레터링 오버핏 기모 후드티,3,후드
343,[유니버스] 레터링 오버핏 기모 후드티,2,후드
344,[유니버스] 레터링 오버핏 기모 후드티,4,후드
345,공용) 기모 후드 풀오버,2,후드
346,공용) 기모 후드 풀오버,2,후드
347,오버핏 그래픽 후드티,2,후드
348,오버핏 그래픽 후드티,5,후드
349,그래픽 루즈핏 기모 후드,1,후드
350,그래픽 루즈핏 기모 후드,3,후드
351,그래픽 루즈핏 기모 후드,4,후드
352,그래픽 루즈핏 기모 후드,3,후드
353,후드 퀼팅 다운 점퍼,2,후드
354,공용) 기모 후드 풀오버,2,후드
355,공용) 플리스 웜 후드 집업,1,후드
356,공용) 기모 후드 풀오버,1,후드
357,공용) 플리스 웜 후드 집업,4,후드
358,공용) 알래스카 보아쉘파 후드집업,2,후드
359,공용) 코숏 콜라보 후드풀오버,1,후드
360,공용) 플리스 웜 후드 집업,5,후드
361,순댕이 와펜 쉘파 후드 집업,1,후드
362,오버핏 그래픽 후드티,5,후드
363,오버핏 그래픽 후드티,5,후드
364,경량 후드 탈부착 점퍼,2,후드
365,후드 퀼팅 다운 점퍼,5,후드
366,후드 퀼팅 다운 점퍼,2,후드
367,공용) 강혁 콜라보 후드 다운 점퍼,1,후드
368,공용) 알래스카 보아쉘파 후드집업,3,후드
369,공용) 기모 후드 풀오버,4,후드
370,공용) 알래스카 보아쉘파 후드집업,2,후드
371,공용) 알래스카 보아쉘파 후드집업,2,후드
372,공용) 코숏 콜라보 후드풀오버,3,후드
373,순댕이 와펜 쉘파 후드 집업,3,후드
374,오버핏 스웨트 후드 집업,3,후드
375,오버핏 스웨트 후드 집업,4,후드
376,오버핏 스웨트 후드 티셔츠,2,후드
377,경량 후드 탈부착 점퍼,1,후드
378,경량 후드 점퍼,2,후드
379,후드 탈착 덕다운 푸퍼,1,후드
380,언퀼팅 후드 퍼 다운 점퍼,4,후드
381,롱 후드 프리미엄 덕다운 코트,4,후드
382,롱 후드 프리미엄 덕다운 코트,2,후드
383,롱 후드 프리미엄 덕다운 코트,2,후드
384,공용) 플러피플리스 후드 집업,3,후드
385,남성) BALANCE 후드 집업,4,후드
386,순댕이 와펜 쉘파 후드 집업,1,후드
387,부클사 후드 니트,5,후드
388,후드 탈착 덕다운 푸퍼,1,후드
389,공용) 플리스 웜 후드 집업,5,후드
390,공용) 기모 후드 풀오버,4,후드
391,공용) 알래스카 리버시블 후드 롱 점퍼,5,후드
392,후드 패커블 트랙자켓,5,후드
393,후드 패커블 트랙자켓,1,후드
394,부클사 후드 니트,2,후드
395,후드패커블 셋업 (BK),3,후드
396,후드패커블 셋업 (BL),1,후드
397,후드패커블 셋업 (LGR),2,후드
398,후드 탈착 덕다운 푸퍼,4,후드
399,남성) 슈퍼 에어 후드 숏다운 점퍼,3,후드
400,공용) 코숏 콜라보 후드풀오버,3,후드
401,공용) 보아 플러피 후드집업,3,후드
402,후드 패커블 트랙자켓,4,후드
403,오버핏 스웨트 후드 티셔츠,2,후드
404,오버핏 데님 후드집업,3,후드
405,오버핏 스웨트 후드 티셔츠,4,후드
406,오버핏 스웨트 후드 티셔츠,1,후드
407,공용) 알래스카 후드 집업,4,후드
408,공용) 보아 플러피 후드집업,4,후드
409,공용) 보아 플러피 후드집업,1,후드
410,공용) 보아 플러피 후드집업,4,후드
411,원마일웨어 더블니트 후드,5,후드
412,남성) 슈퍼 에어 후드 숏다운 점퍼,2,후드
413,남성) 슈퍼 에어 후드 숏다운 점퍼,3,후드
414,공용) 알래스카 후드 집업,1,후드
415,공용) 보아 플러피 후드집업,5,후드
416,원마일웨어 더블니트 후드,2,후드
417,공용) 코숏 콜라보 후드풀오버,5,후드
418,공용) 알래스카 리버시블 후드 롱 점퍼,1,후드
419,원마일웨어 더블니트 후드,3,후드
420,세미오버핏 퀼팅 자켓,1,자켓
421,투웨이 리버시블 자켓,1,자켓
422,울 라이크 셋업자켓,4,자켓
423,울 라이크 셋업자켓,1,자켓
424,남성) 미니멀 자켓,1,자켓
425,세미오버핏 퀼팅 자켓,3,자켓
426,세미오버핏 퀼팅 자켓,3,자켓
427,마운틴 하이넥 자켓,5,자켓
428,투웨이 리버시블 자켓,3,자켓
429,체크그레이 이모션 임팩트 수트 자켓,3,자켓
430,스트라이프 이모션 임팩트 수트 자켓,1,자켓
431,미니체크 기모 셋업 자켓 (SET 4PP1300),4,자켓
432,마운틴 하이넥 자켓,3,자켓
433,데일리 데님 포켓 셔츠 자켓,4,자켓
434,데일리 데님 포켓 셔츠 자켓,4,자켓
435,이모션 임팩트 체크 수트 자켓,2,자켓
436,투웨이 스트레치 스탠다드 자켓,3,자켓
437,투웨이 스트레치 스탠다드 자켓,5,자켓
438,울 라이크 셋업자켓,3,자켓
439,캐주얼 더블 여밈 자켓,5,자켓
440,캐주얼 더블 여밈 자켓,4,자켓
441,원포켓 셔츠형 데님자켓,1,자켓
442,이모션 컴포트 수트 자켓,5,자켓
443,미니체크 기모 셋업 자켓 (SET 4PP1300),3,자켓
444,무광 코치자켓,4,자켓
445,후드 패커블 트랙자켓,2,자켓
446,후드 패커블 트랙자켓,1,자켓
447,이모션 컴포트 수트 자켓,3,자켓
448,퍼펙트 셋업 자켓,3,자켓
449,사르토리아 이모션 임팩트 수트 자켓,4,자켓
450,헤링본 싱글 자켓,2,자켓
451,이모션 임팩트 수트 자켓,2,자켓
452,이모션 임팩트 수트 자켓,3,자켓
453,솔리드 자켓형 버튼 가디건,2,자켓
454,솔리드 자켓형 버튼 가디건,2,자켓
455,베이지 이모션 임팩트 수트 자켓,1,자켓
456,사르토리아 이모션 임팩트 수트 자켓,1,자켓
457,헤링본 싱글 자켓,4,자켓
458,스트레치 싱글 자켓,1,자켓
459,퍼펙트 셋업 자켓,4,자켓
460,무광 코치자켓,5,자켓
461,후드 패커블 트랙자켓,1,자켓
462,스트레치 싱글 자켓,1,자켓
463,스트레치 싱글 자켓,2,자켓
464,스트레치 싱글 자켓,3,자켓
465,퍼펙트 셋업 자켓,4,자켓
466,퍼펙트 셋업 자켓,5,자켓
467,기모 패턴 셋업 자켓 (SET 4PP1400),2,자켓
468,어니언 퀼팅 패딩 베스트,3,패딩
469,어니언 퀼팅 패딩 베스트,3,패딩
470,구스다운 패딩 하이넥코트,4,패딩
471,구스다운 패딩 맥코트,3,패딩
472,구스다운 패딩 맥코트,1,패딩
473,구스다운 패딩 하이넥코트,1,패딩
474,어니언 퀼팅 패딩 베스트,2,패딩
475,하이넥 퀼팅 패딩 점퍼,1,패딩
476,구스다운 패딩 맥코트,1,패딩
477,구스다운 패딩 하이넥코트,4,패딩
478,구스다운 패딩 더블 코트,2,패딩
479,구스다운 패딩 더블 코트,4,패딩
480,에어구스 숏 다운 패딩 (G80/20),5,패딩
481,하이넥 퀼팅 패딩 점퍼,1,패딩
482,메가히트 오리털 롱 패딩 (D50/50),1,패딩
483,하이넥 퀼팅 패딩 점퍼,5,패딩
484,에어구스 숏 다운 패딩 (G80/20),5,패딩
485,남성) 리버시블 퀼팅 패딩 점퍼,3,패딩
486,하이넥 퀼팅 패딩 점퍼,3,패딩
487,메가히트 오리털 롱 패딩 (D50/50),4,패딩
488,에어구스 숏 다운 패딩 (G80/20),2,패딩
489,남성) 어니언 퀼팅 패딩 점퍼,3,패딩
490,공용) 쉘파 리버서블 숏패딩 점퍼,4,패딩
491,메가히트 오리털 롱 패딩 (D50/50),2,패딩
492,에어구스 다운 파카 (G80/20),2,패딩
493,에어구스 다운 파카 (G80/20),3,패딩
494,에어구스 다운 파카 (G80/20),1,패딩
495,데일리 미라클 셔츠,4,셔츠
496,구김없는 레귤러카라 미라클셔츠,5,셔츠
497,소프트 스트레치 솔리드 저지 셔츠,1,셔츠
498,소프트 스트레치 스트라이프 저지 셔츠,5,셔츠
499,소프트 스트레치 스트라이프 저지 셔츠,2,셔츠
500,데일리 미라클 셔츠,4,셔츠
501,이모션 임팩트 긴팔 셔츠,5,셔츠
502,컴포트핏 데일리 셔츠,5,셔츠
503,컴포트핏 데일리 셔츠,3,셔츠
504,컴포트핏 데일리 셔츠,5,셔츠
505,셔츠에리 패턴 스웨터,4,셔츠
506,컴포트핏 데일리 셔츠,5,셔츠
507,셔츠에리 패턴 스웨터,1,셔츠
508,컴포트핏 데일리 셔츠,2,셔츠
509,셔츠에리 패턴 스웨터,3,셔츠
510,울 터치 미디움 체크 셔츠,5,셔츠
511,스웨이드 져지 아우터 셔츠,5,셔츠
512,스웨이드 져지 아우터 셔츠,4,셔츠
513,스웨이드 져지 아우터 셔츠,1,셔츠
514,포멀 드레스 셔츠,2,셔츠
515,어위크 언택트 드레스 셔츠,1,셔츠
516,어위크 언택트 드레스 셔츠,3,셔츠
517,공용) 플리스 베이직 스웨트셔츠,3,셔츠
518,공용) 플리스 베이직 스웨트셔츠,4,셔츠
519,공용) 플리스 베이직 스웨트셔츠,4,셔츠
520,공용) 플리스 베이직 스웨트셔츠,4,셔츠
521,공용) 테리 베이직 스웨트셔츠,5,셔츠
522,공용) 플리스 베이직 스웨트셔츠,5,셔츠
523,공용) 플리스 베이직 스웨트셔츠,1,셔츠
524,공용) 플리스 베이직 스웨트셔츠,2,셔츠
525,남성) 스트레치 울라이크 셔츠 재킷,5,셔츠
526,플란넬 셔츠,3,셔츠
527,플란넬 셔츠,1,셔츠
528,플란넬 셔츠,5,셔츠
529,플란넬 셔츠,1,셔츠
530,플란넬 셔츠,4,셔츠
531,텐셀 코튼 찰랑 셔츠,2,셔츠
532,소프트 스트레치 스트라이프 저지 셔츠,1,셔츠
533,웜 터치 오버핏 체크 셔츠,1,셔츠
534,코튼 아우터형 오버핏 셔츠,1,셔츠
535,소프트 코튼 플라넬 셔츠,2,셔츠
536,소프트 코튼 플라넬 셔츠,1,셔츠
537,코튼 아우터형 오버핏 셔츠,2,셔츠
538,웜 터치 오버핏 체크 셔츠,1,셔츠
539,코튼 아우터형 오버핏 셔츠,4,셔츠
540,코듀로이 아우터 셔츠,2,셔츠
541,오버핏 데님 셔츠,1,셔츠
542,플란넬 릴렉스핏 일상 셔츠,3,셔츠
543,스웨이드 라이크 오픈카라 셔츠,1,셔츠
544,오버핏 데님 셔츠,4,셔츠
545,플란넬 릴렉스핏 일상 셔츠,4,셔츠
546,컴포트핏 데일리 셔츠,1,셔츠
547,셔츠에리 패턴 스웨터,5,셔츠
548,코튼 체크 셔츠,2,셔츠
549,셔츠에리 패턴 스웨터,5,셔츠
550,어위크 언택트 드레스 셔츠,3,셔츠
551,포멀 드레스 셔츠,3,셔츠
552,포멀 드레스 셔츠,4,셔츠
553,공용) 플리스 베이직 스웨트셔츠,5,셔츠
554,남성) 폴리스판 루즈핏 셔츠,3,셔츠
555,공용) 플리스 베이직 스웨트셔츠,3,셔츠
556,공용) 플리스 베이직 스웨트셔츠,2,셔츠
557,남성) 플란넬 버튼다운 긴팔 셔츠,3,셔츠
558,플란넬 셔츠,5,셔츠
559,플란넬 셔츠,5,셔츠
560,플란넬 셔츠,5,셔츠
561,플란넬 셔츠,3,셔츠
562,플란넬 셔츠,4,셔츠
563,플란넬 셔츠,3,셔츠
564,소프트 코튼 플라넬 셔츠,4,셔츠
565,소프트 코튼 플라넬 셔츠,1,셔츠
566,코듀로이 아우터 셔츠,1,셔츠
567,코튼 아우터형 오버핏 셔츠,3,셔츠
568,웜 터치 오버핏 체크 셔츠,2,셔츠
569,오버핏 아우터형 체크 셔츠,5,셔츠
570,오버핏 아우터형 체크 셔츠,4,셔츠
571,오버핏 아우터형 체크 셔츠,1,셔츠
572,퀼팅 아우터형 셔츠,5,셔츠
573,코튼 체크 셔츠,5,셔츠
574,스탠다드핏 폴리 셔츠,2,셔츠
575,울 터치 미디움 체크 셔츠,3,셔츠
576,코튼 체크 셔츠,3,셔츠
577,울 터치 미디움 체크 셔츠,3,셔츠
578,스탠다드핏 모션 셔츠,5,셔츠
579,스탠다드핏 폴리 셔츠,3,셔츠
580,어위크 언택트 드레스 셔츠,3,셔츠
581,포멀 드레스 셔츠,1,셔츠
582,남성) 폴리스판 루즈핏 셔츠,2,셔츠
583,공용) 플리스 베이직 스웨트셔츠,2,셔츠
584,공용) 테리 베이직 스웨트셔츠,5,셔츠
585,남성) 플란넬 버튼다운 셔츠,1,셔츠
586,공용) 플리스 베이직 스웨트셔츠,2,셔츠
587,남성) 플란넬 버튼다운 셔츠,3,셔츠
588,남성) 코튼 옥스포드 버튼다운 긴팔셔츠,1,셔츠
589,남성) 코튼 옥스포드 버튼다운 긴팔셔츠,3,셔츠
590,남성) 코튼 옥스포드 버튼다운 긴팔셔츠,3,셔츠
591,플란넬 셔츠,2,셔츠
592,텐셀 코튼 찰랑 셔츠,1,셔츠
593,코튼 스판 찰랑 셔츠,5,셔츠
594,플란넬 셔츠,5,셔츠
595,텐셀 코튼 찰랑 셔츠,5,셔츠
596,데일리 데님 포켓 셔츠 자켓,5,셔츠
597,데일리 데님 포켓 셔츠 자켓,5,셔츠
598,스웨이드 라이크 오픈카라 셔츠,4,셔츠
599,울 혼방 오버핏 아우터형 셔츠,3,셔츠
600,플란넬 릴렉스핏 일상 셔츠,3,셔츠
601,플란넬 릴렉스핏 일상 셔츠,1,셔츠
602,캠퍼스 크루 스웨트셔츠,5,셔츠
603,캠퍼스 크루 스웨트셔츠,4,셔츠
604,캠퍼스 크루 스웨트셔츠,2,셔츠
605,캠퍼스 크루 스웨트셔츠,1,셔츠
606,셔츠 카라넥 스웨터,4,셔츠
607,셔츠 카라넥 스웨터,3,셔츠
608,셔츠 카라넥 스웨터,5,셔츠
609,남성) 이지케어 스마트 셔츠,2,셔츠
610,공용) 테리 베이직 스웨트셔츠,4,셔츠
611,남성) 옥스포드 버튼다운 셔츠,4,셔츠
612,남성) 코듀로이 셔츠 재킷,4,셔츠
613,남성) 스트레치 울라이크 셔츠 재킷,3,셔츠
614,남성) 코튼 옥스포드 버튼다운 긴팔셔츠,3,셔츠
615,남성) 플란넬 버튼다운 긴팔 셔츠,3,셔츠
616,남성) 플란넬 버튼다운 긴팔 셔츠,5,셔츠
617,남성) 코튼 옥스포드 버튼다운 긴팔셔츠,1,셔츠
618,플란넬 셔츠,1,셔츠
619,텐셀 코튼 찰랑 셔츠,5,셔츠
620,텐셀 코튼 찰랑 셔츠,1,셔츠
621,코튼 스판 찰랑 셔츠,1,셔츠
622,오픈칼라 반팔셔츠,4,셔츠
623,오버핏 옥스포드 반팔셔츠,1,셔츠
624,오버핏 옥스포드 반팔셔츠,5,셔츠
625,오버핏 옥스포드 셔츠,1,셔츠
626,퀼팅 아우터형 셔츠,2,셔츠
627,울 혼방 오버핏 아우터형 셔츠,1,셔츠
628,스탠다드핏 폴리 셔츠,3,셔츠
629,캐시 블랜디드 솔리드 셔츠레이어드 풀오버,3,셔츠
630,공용) 플리스 그래픽 스웨트셔츠,2,셔츠
631,남성) 이지케어 스마트 드레스 셔츠,1,셔츠
632,남성) 플란넬 버튼다운 긴팔 셔츠,1,셔츠
633,남성) 플란넬 버튼다운 긴팔 셔츠,5,셔츠
634,남성) 코듀로이 셔츠 재킷,4,셔츠
635,남성) 코튼 옥스포드 버튼다운 긴팔셔츠,3,셔츠
636,남성) 플란넬 버튼다운 긴팔 셔츠,5,셔츠
637,남성) 코듀로이 셔츠 재킷,5,셔츠
638,남성) 플란넬 버튼다운 긴팔 셔츠,1,셔츠
639,코튼 스판 찰랑 셔츠,4,셔츠
640,남성) 저지 버튼다운 셔츠,2,셔츠
641,남성)트리코트 스마트 셔츠,3,셔츠
642,남성) 이지케어 스마트 셔츠,3,셔츠
643,남성) 플란넬 버튼다운 셔츠,5,셔츠
644,남성) 플란넬 버튼다운 긴팔 셔츠,5,셔츠
645,스판 드레스셔츠,2,셔츠
646,폴리혼방 드레스 셔츠,3,셔츠
647,뉴트럴 폴리 스판 찰랑 셔츠,4,셔츠
648,폴리혼방 드레스 셔츠,2,셔츠
649,투포켓 아우터형 데님 셔츠,5,셔츠
650,남성) 저지 버튼다운 셔츠,1,셔츠
651,공용) 테리 그래픽 스웨트셔츠,3,셔츠
652,공용) 테리 베이직 스웨트셔츠,3,셔츠
653,남성)트리코트 스마트 셔츠,1,셔츠
654,남성) 옥스포드 버튼다운 셔츠,1,셔츠
655,남성) 이지케어 스마트 드레스 셔츠,2,셔츠
656,남성) 이지케어 스마트 드레스 셔츠,5,셔츠
657,남성) 이지케어 스마트 드레스 셔츠,1,셔츠
658,남성) 옥스포드 버튼다운 셔츠,5,셔츠
659,남성) 옥스포드 버튼다운 셔츠,1,셔츠
660,남성) 코튼 옥스포드 버튼다운 긴팔셔츠,3,셔츠
661,남성) 코튼 옥스포드 버튼다운 긴팔셔츠,2,셔츠
662,남성) 코튼 옥스포드 버튼다운 긴팔셔츠,1,셔츠
663,남성) 세미오버핏 스트레치 긴팔 셔츠,1,셔츠
664,남성) 스트레치 울라이크 셔츠 재킷,4,셔츠
665,뉴트럴 폴리 스판 찰랑 셔츠,5,셔츠
666,스판 드레스셔츠,5,셔츠
667,울 라이크 세미오버핏 찰랑 셔츠,2,셔츠
668,코튼 스판 찰랑 셔츠,4,셔츠
669,뉴트럴 폴리 스판 찰랑 셔츠,3,셔츠
670,뉴트럴 폴리 스판 찰랑 셔츠,2,셔츠
671,트리코트 이지케어 셔츠,4,셔츠
672,오버핏 옥스포드 셔츠,5,셔츠
673,남성) BALANCE 에어테크 폴로셔츠,1,셔츠
674,남성) BALANCE 에어테크 폴로셔츠,5,셔츠
675,남성) 플란넬 버튼다운 셔츠,4,셔츠
676,남성) 코튼 옥스포드 버튼다운 긴팔셔츠,4,셔츠
677,남성) 코튼 옥스포드 버튼다운 긴팔셔츠,4,셔츠
678,남성) 코튼 옥스포드 버튼다운 긴팔셔츠,1,셔츠
679,남성) 세미오버핏 스트레치 긴팔 셔츠,2,셔츠
680,남성) 세미오버핏 스트레치 긴팔 셔츠,5,셔츠
681,스판 드레스셔츠,2,셔츠
682,스판 드레스셔츠,5,셔츠
683,공용) 플리스 그래픽 스웨트셔츠,5,셔츠
684,공용) 플리스 베이직 스웨트셔츠,1,셔츠
685,남성) 폴리스판 루즈핏 셔츠,4,셔츠
686,남성) 코튼 옥스포드 버튼다운 긴팔셔츠,5,셔츠
687,남성) 코튼 옥스포드 버튼다운 긴팔셔츠,4,셔츠
688,트리코트 이지케어 셔츠,3,셔츠
689,폴리혼방 드레스 셔츠,4,셔츠
690,울 라이크 세미오버핏 찰랑 셔츠,2,셔츠
691,울 라이크 세미오버핏 찰랑 셔츠,3,셔츠
692,뉴트럴 폴리 스판 찰랑 셔츠,1,셔츠
693,뉴트럴 폴리 스판 찰랑 셔츠,2,셔츠
694,뉴트럴 폴리 스판 찰랑 셔츠,2,셔츠
695,폴리혼방 드레스 셔츠,5,셔츠
696,남성) 이지케어 스마트 드레스 셔츠,4,셔츠
697,남성) 옥스포드 버튼다운 셔츠,4,셔츠
698,남성) 옥스포드 버튼다운 셔츠,3,셔츠
699,남성) 옥스포드 버튼다운 셔츠,4,셔츠
700,남성) 옥스포드 버튼다운 셔츠,4,셔츠
701,남성) BALANCE 에어테크 폴로셔츠,1,셔츠
702,남성) BALANCE 에어테크 퍼포먼스 언더셔츠(크루넥),1,셔츠
703,남성) 세미오버핏 스트레치 긴팔 셔츠,1,셔츠
704,남성) 세미오버핏 스트레치 긴팔 셔츠,4,셔츠
705,남성) 세미오버핏 스트레치 긴팔 셔츠,2,셔츠
706,울 라이크 세미오버핏 찰랑 셔츠,5,셔츠
707,울 라이크 세미오버핏 찰랑 셔츠,5,셔츠
708,폴리혼방 드레스 셔츠,2,셔츠
709,캐시블렌드 풀오버 니트,1,니트
710,캐시블렌드 풀오버 니트,5,니트
711,캐시블렌드 워셔블 루즈핏 니트,3,니트
712,캐시블렌드 워셔블 루즈핏 니트,3,니트
713,캐시블렌드 폴로 니트,2,니트
714,캐시블렌드 폴로 니트,2,니트
715,캐시미어 블렌드 터틀넥 니트,5,니트
716,캐시블렌드 워셔블 루즈핏 니트,3,니트
717,캐시블렌드 풀오버 니트,2,니트
718,캐시블렌드 워셔블 루즈핏 니트,4,니트
719,캐시블렌드 풀오버 니트,5,니트
720,캐시미어 블렌드 터틀넥 니트,4,니트
721,캐시블렌드 풀오버 니트,3,니트
722,안티 필링 하프집업 니트,4,니트
723,안티 필링 하프집업 니트,3,니트
724,안티 필링 하프집업 니트,1,니트
725,캐시미어 블렌드 플레인 니트,1,니트
726,캐시미어 블렌드 베이직 터틀넥 니트,1,니트
727,캐시미어 블렌드 플레인 니트,3,니트
728,캐시미어 블렌드 플레인 니트,1,니트
729,안티 필링 일상 니트,2,니트
730,캐시미어 블렌드 베이직 터틀넥 니트,4,니트
731,안티 필링 일상 니트,4,니트
732,캐시미어 블렌드 베이직 터틀넥 니트,1,니트
733,터틀넥 니트,5,니트
734,터틀넥 니트,3,니트
735,공용) 더블니트 그래픽 맨투맨,5,니트
736,공용) 더블니트 그래픽 맨투맨,1,니트
737,캐시블렌드 폴로 니트,2,니트
738,캐시블렌드 풀오버 니트,1,니트
739,캐시미어 블렌드 터틀넥 니트,2,니트
740,캐시블렌드 폴로 니트,2,니트
741,캐시블렌드 폴로 니트,3,니트
742,캐시미어 블렌드 터틀넥 니트,5,니트
743,안티 필링 일상 니트,1,니트
744,캐시미어 블렌드 플레인 니트,2,니트
745,안티 필링 일상 니트,4,니트
746,캐시미어 블렌드 플레인 니트,1,니트
747,클래식 모크넥 니트,5,니트
748,안티 필링 일상 니트,3,니트
749,캐시미어 블렌드 플레인 니트,5,니트
750,변형조직 소프트 라운드넥 니트,4,니트
751,캐시미어 블렌드 베이직 터틀넥 니트,5,니트
752,안티 필링 일상 니트,2,니트
753,클래식 모크넥 니트,1,니트
754,터틀넥 니트,1,니트
755,더블넥 울 캐시미어 니트,3,니트
756,터틀넥 니트,5,니트
757,워셔블 오가닉 라운드 니트,4,니트
758,공용) 더블니트 그래픽 맨투맨,5,니트
759,캐시미어 블렌드 터틀넥 니트,2,니트
760,캐시미어 블렌드 터틀넥 니트,1,니트
761,변형조직 소프트 라운드넥 니트,1,니트
762,캐시미어 블랜드 이중배색 니트,5,니트
763,클래식 모크넥 니트,1,니트
764,자카드 오버핏 패턴 니트,4,니트
765,캐시미어 블렌드 이중배색 니트,4,니트
766,캐시미어 블랜드 이중배색 니트,2,니트
767,변형조직 소프트 라운드넥 니트,5,니트
768,AWEEK 캐시미어 블렌드 니트,5,니트
769,AWEEK 캐시미어 블렌드 니트,4,니트
770,AWEEK 캐시미어 블렌드 니트,3,니트
771,AWEEK 캐시미어 블렌드 니트,2,니트
772,공용) 순댕이 와펜 더블니트 조거 팬츠,5,니트
773,더블니트 반팔 칼라티,4,니트
774,울 블렌드 유니크 패턴 니트,1,니트
775,캐시미어 블랜드 이중배색 니트,3,니트
776,캐시미어 블렌드 이중배색 니트,3,니트
777,캐시미어 블랜드 칼라넥 긴팔 니트,5,니트
778,[유니버스] 등판 로고 오버핏 니트,4,니트
779,[유니버스] 케이블 니트 베스트,2,니트
780,AWEEK 캐시미어 블렌드 니트,3,니트
781,AWEEK 캐시미어 블렌드 니트,3,니트
782,캐시미어 블렌드 니트 머플러,2,니트
783,공용) 순댕이 와펜 더블니트 맨투맨,3,니트
784,더블니트 반팔 칼라티,4,니트
785,하프 집업 오버핏 터틀넥 니트,2,니트
786,클래식 모크넥 니트,5,니트
787,클래식 모크넥 니트,5,니트
788,로우게이지 세미오버핏 니트,5,니트
789,울 블렌드 유니크 패턴 니트,5,니트
790,부클사 후드 니트,2,니트
791,멜란지 세미오버핏 니트,2,니트
792,멜란지 세미오버핏 니트,3,니트
793,공용) 더블니트 그래픽 맨투맨,1,니트
794,공용) 순댕이 와펜 더블니트 조거 팬츠,4,니트
795,공용) 순댕이 와펜 더블니트 조거 팬츠,3,니트
796,하프 집업 오버핏 터틀넥 니트,5,니트
797,청키 모크넥 니트,4,니트
798,청키 모크넥 니트,4,니트
799,청키 모크넥 니트,1,니트
800,로우게이지 세미오버핏 니트,4,니트
801,로우게이지 세미오버핏 니트,5,니트
802,로우게이지 세미오버핏 니트,2,니트
803,로우게이지 세미오버핏 니트,2,니트
804,로우게이지 세미오버핏 니트,1,니트
805,캐시미어 블랜드 이중배색 니트,5,니트
806,부클사 후드 니트,2,니트
807,공용) 순댕이 와펜 더블니트 맨투맨,4,니트
808,공용) 순댕이 와펜 더블니트 맨투맨,4,니트
809,[유니버스] 등판 로고 오버핏 니트,4,니트
810,[유니버스] 케이블 니트 베스트,2,니트
811,[유니버스] 케이블 니트 베스트,3,니트
812,캐시미어 블렌드 니트 머플러,4,니트
813,캐시미어 블랜드 칼라넥 긴팔 니트,1,니트
814,원마일웨어 더블니트 후드,4,니트
815,남성) BALANCE 더블니트 카고 조거 팬츠,1,니트
816,원마일웨어 더블니트 후드,5,니트
817,원마일웨어 더블니트 후드,4,니트
818,캐시블렌드 와이넥 루즈핏 가디건,3,가디건
819,캐시블렌드 와이넥 루즈핏 가디건,2,가디건
820,캐시블렌드 루즈핏 카라 가디건,1,가디건
821,캐시미어 플러스 에센셜 가디건,3,가디건
822,캐시미어 플러스 에센셜 가디건,3,가디건
823,캐시미어 플러스 에센셜 가디건,1,가디건
824,캐시미어 플러스 에센셜 가디건,3,가디건
825,캐시블렌드 루즈핏 카라 가디건,3,가디건
826,[유니버스] 오버사이즈 로고 자수 가디건,4,가디건
827,[유니버스] 오버사이즈 로고 자수 가디건,4,가디건
828,캐시미어 블렌드 Y넥 오버핏 가디건,5,가디건
829,오버핏 스웨트 풀짚 가디건,1,가디건
830,캐시블렌드 와이넥 루즈핏 가디건,3,가디건
831,[유니버스] 언발란스 조직 Y넥 가디건,1,가디건
832,퀼팅 집업 가디건,4,가디건
833,머신워셔블 오버핏 가디건,2,가디건
834,머신워셔블 오버핏 가디건,5,가디건
835,[유니버스] 언발란스 조직 Y넥 가디건,3,가디건
836,캐시미어 블렌드 Y넥 오버핏 가디건,4,가디건
837,남성) PBT 버드아이 버튼 가디건,3,가디건
838,소재변형 가디건,1,가디건
839,패턴 오버핏 Y넥 가디건,4,가디건
840,남성) PBT 체크 가디건,2,가디건
841,남성) PBT 체크 가디건,1,가디건
842,남성) PBT 버드아이 버튼 가디건,2,가디건
843,소재변형 가디건,2,가디건
844,패턴 오버핏 Y넥 가디건,4,가디건
845,패턴 오버핏 Y넥 가디건,3,가디건
846,패턴 오버핏 Y넥 가디건,2,가디건
847,오버핏 패턴 가디건,3,가디건
848,소재변형 가디건,2,가디건
849,오버핏 스웨트 가디건 셋업 (MGR),3,가디건
850,오버핏 스웨트 가디건 셋업 (IV),2,가디건
851,오버핏 스웨트 가디건 셋업 (BK),4,가디건
852,오버핏 스웨트 풀짚 가디건,4,가디건
853,오버핏 스웨트 풀짚 가디건,5,가디건
854,솔리드 자켓형 버튼 가디건,3,가디건
855,솔리드 자켓형 버튼 가디건,5,가디건
856,남성) PBT 체크 가디건,3,가디건
857,오버핏 패턴 가디건,5,가디건
858,울 혼방 칼라 집업 가디건,4,가디건
859,오버핏 패턴 가디건,1,가디건
860,오버핏 패턴 가디건,2,가디건
861,울 혼방 칼라 집업 가디건,4,가디건
862,공용) 순댕이 와펜 피케 가디건,3,가디건
863,울 혼방 칼라 집업 가디건,5,가디건
864,공용) 순댕이 와펜 피케 가디건,2,가디건
865,울라이크 셔츠형 코트,3,코트
866,에코 DIVO 덕다운 코트,2,코트
867,하이넥 다운 코트,5,코트
868,세미 오버 방모 코트,3,코트
869,비트윈 클래식 코트,1,코트
870,구스다운 패딩 하이넥코트,1,코트
871,구스다운 패딩 맥코트,4,코트
872,구스다운 패딩 맥코트,2,코트
873,울 블렌드 세미오버핏 발마칸코트,1,코트
874,구스다운 패딩 하이넥코트,2,코트
875,캐시블렌드 싱글 롱 코트,3,코트
876,캐시미어 울 블렌드 체스터 코트,1,코트
877,세미 오버 방모 코트,1,코트
878,세미 오버 방모 코트,5,코트
879,하이넥 다운 코트,1,코트
880,하이넥 다운 코트,4,코트
881,프리미엄 덕다운 맥 코트,2,코트
882,하이넥 덕다운 코트,4,코트
883,프리미엄 덕다운 맥 코트,5,코트
884,프리미엄 덕다운 맥 코트,4,코트
885,캐시미어 세미오버핏 코트,3,코트
886,캐시블렌드 싱글 롱 코트,3,코트
887,캐시미어블렌드 클래식 체스터코트,2,코트
888,캐시미어블렌드 클래식 체스터코트,5,코트
889,구스다운 패딩 맥코트,5,코트
890,구스다운 패딩 하이넥코트,5,코트
891,캐시블렌드 싱글 롱 코트,5,코트
892,캐시블렌드 싱글 롱 코트,5,코트
893,구스다운 패딩 더블 코트,3,코트
894,구스다운 패딩 더블 코트,4,코트
895,울라이크 셔츠형 코트,4,코트
896,캐시미어 울 블렌드 체스터 코트,5,코트
897,캐시미어 울 블렌드 체스터 코트,1,코트
898,캐시미어 울 블렌드 체스터 코트,1,코트
899,에코 DIVO 덕다운 코트,2,코트
900,메이페어 맥코트,4,코트
901,메이페어 맥코트,4,코트
902,롱 후드 프리미엄 덕다운 코트,3,코트
903,롱 후드 프리미엄 덕다운 코트,5,코트
904,롱 후드 프리미엄 덕다운 코트,1,코트
905,하이넥 덕다운 코트,1,코트
906,캐시미어블렌드 클래식 체스터코트,1,코트
907,이중직 세미루즈핏 핸드메이드 코트,2,코트
908,세미루즈핏 핸드메이드 싱글코트,1,코트
909,이중직 세미루즈핏 핸드메이드 코트,5,코트
910,이중직 세미루즈핏 핸드메이드 코트,1,코트
911,이중직 세미루즈핏 핸드메이드 코트,5,코트
912,이중직 세미루즈핏 핸드메이드 코트,3,코트
913,세미루즈핏 핸드메이드 싱글코트,1,코트
914,남성) 하이넥 다운 코트,5,코트
915,남성)트리코트 스마트 셔츠,3,코트
916,하이넥 사선포켓 덕다운 코트,3,코트
917,하이넥 사선포켓 덕다운 코트,3,코트
918,세미루즈핏 핸드메이드 싱글코트,3,코트
919,세미루즈핏 핸드메이드 싱글코트,1,코트
920,남성)트리코트 스마트 셔츠,3,코트
921,공용) 져지 스트레치 발마칸 코트 ,2,코트
922,캐시미어 세미오버핏 코트,4,코트
923,캐시미어 세미오버핏 코트,5,코트
924,울 블렌디드 반더블 롱코트,3,코트
925,트리코트 이지케어 셔츠,3,코트
926,세미루즈핏 핸드메이드 싱글코트,1,코트
927,코듀로이 칼라 트렌치코트,4,코트
928,공용) 져지 스트레치 발마칸 코트 ,4,코트
929,공용) 져지 스트레치 발마칸 코트 ,3,코트
930,덕다운 하프 코트 (D 80/20),5,코트
931,캐시미어 세미오버핏 코트,2,코트
932,캐시미어 세미오버핏 코트,2,코트
933,울 블렌디드 반더블 롱코트,5,코트
934,남성) 하이넥 다운 코트,2,코트
935,트리코트 이지케어 셔츠,5,코트
936,덕다운 하프 코트 (D 80/20),4,코트
937,덕다운 하프 코트 (D 80/20),3,코트
938,캐시미어 세미오버핏 코트,3,코트
939,캐시미어 세미오버핏 코트,5,코트
940,덕다운 하프 코트 (D 80/20),2,코트
941,코튼 테이퍼드핏 미라클팬츠,3,바지
942,코듀로이 히든밴딩 슬림핏 팬츠,2,바지
943,사이드밴딩 일상 슬림핏 커버팬츠,3,바지
944,사이드밴딩 일상 슬림핏 커버팬츠,3,바지
945,사이드밴딩 일상 슬림핏 커버팬츠,4,바지
946,코듀로이 히든밴딩 슬림핏 팬츠,4,바지
947,사이드밴딩 일상 슬림핏 커버팬츠,1,바지
948,사이드밴딩 일상 슬림핏 커버팬츠,1,바지
949,사이드밴딩 일상 슬림핏 커버팬츠,5,바지
950,빈티지 워싱 치노팬츠,1,바지
951,치노 팬츠,1,바지
952,빈티지 워싱 치노팬츠,5,바지
953,AWEEK 테이퍼드 크롭핏 데님 팬츠,1,바지
954,스탠다드 슬림핏 데님 팬츠,4,바지
955,AWEEK 테이퍼드 크롭핏 데님 팬츠,5,바지
956,밴딩 카고 조거 팬츠,5,바지
957,AWEEK 루즈핏 데님 팬츠,2,바지
958,남성) 쉘파 본딩 조거 스웨트팬츠,2,바지
959,남성) BALANCE 수퍼 스트레치 조거 팬츠,1,바지
960,공용) 소프트 밴딩 조거 팬츠,4,바지
961,공용) 플란넬 라운지 체크 팬츠 ,5,바지
962,공용) 플란넬 라운지 체크 팬츠 ,1,바지
963,공용) 소프트 밴딩 조거 팬츠,4,바지
964,공용) 스트레이트 밴딩 팬츠,2,바지
965,공용) 플란넬 라운지 체크 팬츠 ,3,바지
966,남성) 코튼스판 슬림 치노 팬츠,1,바지
967,공용) 소프트 밴딩 조거 팬츠,3,바지
968,공용) 플란넬 라운지 체크 팬츠 ,5,바지
969,남성) 알래스카 카고 조거 팬츠,4,바지
970,슬림 스트레이트 치노 팬츠,3,바지
971,슬림 스트레이트 치노 팬츠,3,바지
972,슬림 스트레이트 치노 팬츠,1,바지
973,순댕이 와펜 더블 플리스 조거 팬츠,4,바지
974,[PRJCT] 에센셜 조거 팬츠,1,바지
975,원포인트 스웨트 조거팬츠,3,바지
976,레귤러 핏 데님팬츠,1,바지
977,레귤러 핏 데님팬츠,5,바지
978,웜 데일리 기모 조거팬츠,2,바지
979,코듀로이 스트레치 팬츠,2,바지
980,코듀로이 스트레치 팬츠,3,바지
981,코듀로이 스트레치 팬츠,2,바지
982,사이드밴딩 일상 슬림핏 커버팬츠,4,바지
983,[유니버스] 레터링 기모 스웨트팬츠,2,바지
984,[유니버스] 레터링 기모 스웨트팬츠,3,바지
985,치노 팬츠,4,바지
986,치노 팬츠,3,바지
987,치노 팬츠,5,바지
988,프리즘 사이드 밴딩 팬츠,4,바지
989,카푸치노 팬츠,2,바지
990,카푸치노 팬츠,4,바지
991,데일리 코튼 팬츠,5,바지
992,7DAYS 코듀로이 팬츠,5,바지
993,밴딩 카고 조거 팬츠,1,바지
994,스탠다드 슬림핏 데님 팬츠,4,바지
995,데일리 코튼 팬츠,2,바지
996,데일리 코튼 팬츠,3,바지
997,남성) BALANCE 수퍼 스트레치 슬림 팬츠,1,바지
998,공용) 알래스카 카고 에코 조거 팬츠,3,바지
999,남성 )플리스 스트레이트 스웨트 팬츠,1,바지
1000,남성 )플리스 스트레이트 스웨트 팬츠,5,바지
1001,공용) 알래스카 카고 에코 조거 팬츠,3,바지
1002,남성) 코튼스판 슬림 치노 팬츠,5,바지
1003,남성) 알래스카 밴딩 조거 팬츠,1,바지
1004,순댕이 와펜 더블 플리스 조거 팬츠,4,바지
1005,순댕이 와펜 더블 플리스 조거 팬츠,1,바지
1006,원포인트 스웨트 조거팬츠,3,바지
1007,나일론 버클 팬츠,1,바지
1008,테이퍼드 앵클 미라클 밴딩 팬츠,1,바지
1009,웜 데일리 기모 조거팬츠,3,바지
1010,웜 데일리 기모 조거팬츠,1,바지
1011,웜 데일리 기모 조거팬츠,2,바지
1012,테이퍼드 앵클 미라클 밴딩 팬츠,4,바지
1013,카고 미라클 조거 팬츠,1,바지
1014,체크그레이 이모션 임팩트 수트 팬츠,5,바지
1015,[유니버스] 레터링 기모 스웨트팬츠,2,바지
1016,스트라이프 이모션 임팩트 수트 팬츠,3,바지
1017,[유니버스] 레터링 기모 스웨트팬츠,3,바지
1018,코듀로이 슬림핏 팬츠,5,바지
1019,원턱 릴렉스핏 카브라 커버팬츠,5,바지
1020,이모션 임팩트 체크 수트 팬츠,2,바지
1021,스탠다드핏 베이직 면 팬츠,4,바지
1022,스탠다드핏 베이직 면 팬츠,1,바지
1023,스탠다드핏 베이직 면 팬츠,5,바지
1024,스탠다드핏 베이직 면 팬츠,1,바지
1025,스탠다드핏 베이직 면 팬츠,3,바지
1026,프리즘 사이드 밴딩 팬츠,1,바지
1027,AWEEK 루즈핏 데님 팬츠,2,바지
1028,세븐데이즈 스트레치 치노팬츠,3,바지
1029,데일리 코튼 팬츠,1,바지
1030,세븐데이즈 스트레치 치노팬츠,4,바지
1031,세븐데이즈 스트레치 치노팬츠,1,바지
1032,AWEEK 테이퍼드 크롭핏 데님 팬츠,2,바지
1033,7DAYS 코듀로이 팬츠,1,바지
1034,7DAYS 코듀로이 팬츠,2,바지
1035,남성) 플리스 조거 스웨트팬츠,4,바지
1036,남성) 폴라플리스 조거 스웨트팬츠,4,바지
1037,공용) 소프트 밴딩 조거 팬츠,5,바지
1038,공용) 알래스카 카고 에코 조거 팬츠,4,바지
1039,남성) 알래스카 카고 조거 팬츠,1,바지
1040,남성) 코튼스판 슬림 치노 팬츠,3,바지
1041,남성) 코튼스판 슬림 치노 팬츠,3,바지
1042,공용) 소프트 밴딩 조거 팬츠,5,바지
1043,남성 )플리스 스트레이트 스웨트 팬츠,2,바지
1044,공용) 순댕이 와펜 더블니트 조거 팬츠,2,바지
1045,[PRJCT] 에센셜 조거 팬츠,5,바지
1046,루즈핏 스웨트 조거팬츠,4,바지
1047,나일론 버클 팬츠,4,바지
1048,원포인트 스웨트 조거팬츠,3,바지
1049,카고 미라클 조거 팬츠,4,바지
1050,테이퍼드 앵클 미라클 밴딩 팬츠,3,바지
1051,테이퍼드 앵클 미라클 밴딩 팬츠,1,바지
1052,플리스 웜 셋업 조거 팬츠,4,바지
1053,플리스 웜 셋업 조거 팬츠,3,바지
1054,플리스 웜 셋업 조거 팬츠,1,바지
1055,플리스 웜 셋업 조거 팬츠,5,바지
1056,코듀로이 슬림핏 팬츠,5,바지
1057,코듀로이 슬림핏 팬츠,3,바지
1058,사이드밴딩 슬림핏 치노팬츠,1,바지
1059,[유니버스] 솔리드 조거 풀밴딩 팬츠,1,바지
1060,[유니버스] 솔리드 조거 풀밴딩 팬츠,1,바지
1061,이모션 임팩트 수트 팬츠,5,바지
1062,올리버 스웨트팬츠,3,바지
1063,프리즘 히든 밴딩 데님 팬츠,3,바지
1064,히든 밴딩 워싱 데님 팬츠,3,바지
1065,프리즘 컴포트 팬츠,4,바지
1066,프리즘 컴포트 팬츠,1,바지
1067,프리즘 컴포트 팬츠,4,바지
1068,웨이 스트레치 스탠다드 팬츠,1,바지
1069,7DAYS 코튼 팬츠 ,1,바지
1070,세븐데이즈 스트레치 치노팬츠,3,바지
1071,7DAYS 코듀로이 팬츠,2,바지
1072,데일리 코튼 팬츠,3,바지
1073,AWEEK 테이퍼드 크롭핏 데님 팬츠,1,바지
1074,남성) 브러쉬드코튼 테이퍼드 밴딩 팬츠,1,바지
1075,남성) BALANCE 수퍼 스트레치 조거 팬츠,3,바지
1076,남성) 알래스카 카고 조거 팬츠,4,바지
1077,공용) 스트레이트 밴딩 팬츠,3,바지
1078,남성) 알래스카 밴딩 조거 팬츠,5,바지
1079,나일론 버클 팬츠,1,바지
1080,코튼 테이퍼드핏 미라클팬츠,5,바지
1081,이모션 임팩트 수트 팬츠,5,바지
1082,코듀로이 슬림핏 팬츠,5,바지
1083,히든밴딩 일상 슬림핏 커버팬츠,2,바지
1084,프리즘 사이드 밴딩 팬츠,3,바지
1085,스탠다드핏 베이직 면 팬츠,5,바지
1086,스탠다드핏 베이직 면 팬츠,1,바지
1087,남성) 브러쉬드코튼 테이퍼드 밴딩 팬츠,5,바지
1088,남성) 테리 조거 스웨트팬츠,5,바지
1089,남성) 테리 조거 스웨트팬츠,3,바지
1090,공용) 스트레이트 밴딩 팬츠,5,바지
1091,공용) 순댕이 와펜 더블니트 조거 팬츠,1,바지
1092,스트링 이지웨어 팬츠,5,바지
1093,스트링 이지웨어 팬츠,1,바지
1094,공용) 순댕이 와펜 더블니트 조거 팬츠,4,바지
1095,와이드 핏 데님팬츠,5,바지
1096,브라운 이모션 임팩트 수트 팬츠,1,바지
1097,이모션 컴포트 수트 팬츠,3,바지
1098,사이드밴딩 슬림핏 치노팬츠,5,바지
1099,사이드밴딩 슬림핏 치노팬츠,5,바지
1100,사르토리아 이모션 임팩트 수트 팬츠,5,바지
1101,남성) 코튼 레귤러 밴딩 조거 팬츠 ,2,바지
1102,남성) 테리 스트레이트 팬츠,3,바지
1103,공용) 플란넬 팬츠,4,바지
1104,남성) 밴딩 조거 팬츠,1,바지
1105,남성) 밴딩 조거 팬츠,1,바지
1106,남성) 알래스카 밴딩 조거 팬츠,2,바지
1107,이모션 컴포트 수트 팬츠,3,바지
1108,원턱 릴렉스핏 카브라 커버팬츠,3,바지
1109,히든밴딩 일상 슬림핏 커버팬츠,1,바지
1110,사이드밴딩 슬림핏 치노팬츠,5,바지
1111,남성) 폴라플리스 조거 스웨트팬츠,1,바지
1112,남성) 플리스 조거 스웨트팬츠,2,바지
1113,남성) 코튼 레귤러 밴딩 조거 팬츠 ,2,바지
1114,공용) 테리 스트레이트 팬츠,4,바지
1115,남성) 밴딩 조거 팬츠,3,바지
1116,[PRJCT] 에센셜 조거 팬츠,1,바지
1117,루즈핏 스웨트 조거팬츠,5,바지
1118,루즈핏 스웨트 조거팬츠,4,바지
1119,나일론 트랙팬츠,1,바지
1120,나일론 트랙팬츠,3,바지
1121,베이지 이모션 임팩트 수트 팬츠,4,바지
1122,사르토리아 이모션 임팩트 수트 팬츠,3,바지
1123,히든밴딩 일상 슬림핏 커버팬츠,1,바지
1124,히든밴딩 일상 슬림핏 커버팬츠,2,바지
1125,히든밴딩 일상 슬림핏 커버팬츠,5,바지
1126,남성) 테리 조거 스웨트팬츠,4,바지
1127,공용) 벨로아 팬츠,3,바지
1128,공용) 벨로아 팬츠,5,바지
1129,공용) 플란넬 팬츠,2,바지
1130,공용) 플란넬 팬츠,3,바지
1131,공용) 테리 스트레이트 팬츠,1,바지
1132,원마일웨어 조거 팬츠,4,바지
1133,남성) 보아 본딩 조거 스웨트팬츠,5,바지
1134,남성) BALANCE 더블니트 카고 조거 팬츠,3,바지
1135,원마일웨어 조거 팬츠,4,바지
1136,공용) 테리 스트레이트 팬츠,2,바지
1137,남성) 코튼스판 슬림 치노 팬츠,4,바지
1138,테이퍼드핏 미라클 슬랙스,1,바지
1139,테이퍼드핏 미라클 슬랙스,4,바지
1140,TR 슬랙스,2,바지
1141,TR 슬랙스,4,바지
1142,사이드 밴딩 슬랙스,3,바지
1143,사이드 밴딩 슬랙스,2,바지
1144,AWEEK 세미 와이드 밴딩 슬랙스,2,바지
1145,AWEEK 세미 와이드 밴딩 슬랙스,3,바지
1146,사이드 밴딩 슬랙스,3,바지
1147,사이드 밴딩 슬랙스,5,바지
1148,남성) 슬림 사이드 밴딩 슬랙스,2,바지
1149,백밴딩 테이퍼드핏 슬랙스,5,바지
1150,4WAY 스트레치 슬림핏 슬랙스,5,바지
1151,사이드밴딩 슬림핏 셋업 슬랙스,5,바지
1152,테이퍼드핏 미라클 슬랙스,5,바지
1153,테이퍼드핏 미라클 슬랙스,2,바지
1154,테이퍼드핏 미라클 슬랙스,3,바지
1155,TR 슬랙스,2,바지
1156,AWEEK 세미 와이드 밴딩 슬랙스,1,바지
1157,AWEEK 테이퍼드 크롭핏 웜 슬랙스,5,바지
1158,남성) 슬림 사이드 밴딩 슬랙스,3,바지
1159,남성) 테이퍼드 백밴딩 슬랙스,2,바지
1160,남성) 슬림 사이드 밴딩 슬랙스,1,바지
1161,기모 패턴 셋업 슬랙스,5,바지
1162,폴리 스판 세미와이드핏 슬랙스,1,바지
1163,백밴딩 테이퍼드핏 슬랙스,3,바지
1164,4WAY 스트레치 슬림핏 슬랙스,1,바지
1165,사이드밴딩 슬림핏 셋업 슬랙스,5,바지
1166,테이퍼드핏 미라클 슬랙스,2,바지
1167,히든밴딩 원턱 릴렉스핏 슬랙스,4,바지
1168,AWEEK 테이퍼드 크롭핏 웜 슬랙스,3,바지
1169,AWEEK 테이퍼드 크롭핏 웜 슬랙스,5,바지
1170,AWEEK 테이퍼드 크롭핏 웜 슬랙스,1,바지
1171,남성) 더  웜 슬림 사이드밴딩 슬랙스 ,1,바지
1172,기모 테이퍼드핏 밴딩 슬랙스,4,바지
1173,기모 테이퍼드핏 밴딩슬랙스,4,바지
1174,백밴딩 테이퍼드핏 슬랙스,5,바지
1175,AWEEK 테이퍼드 크롭핏 웜 슬랙스,5,바지
1176,히든버튼 밴딩 슬랙스,1,바지
1177,남성) 세미와이드 풀밴딩 슬랙스,3,바지
1178,남성) 슬림 사이드 밴딩 슬랙스,2,바지
1179,남성) 슬림 사이드 밴딩 슬랙스,5,바지
1180,남성) 테이퍼드 백밴딩 슬랙스,2,바지
1181,남성) 세미와이드 풀밴딩 슬랙스,2,바지
1182,사이드밴딩 슬림핏 셋업 슬랙스,4,바지
1183,폴리 스판 세미와이드핏 슬랙스,1,바지
1184,기모 스트레치 슬림핏 슬랙스,4,바지
1185,기모 테이퍼드핏 밴딩슬랙스,2,바지
1186,기모 슬림핏 밴딩 슬랙스,1,바지
1187,일상 슬림핏 슬랙스,3,바지
1188,일상 슬림핏 슬랙스,5,바지
1189,남성) 더  웜 슬림 사이드밴딩 슬랙스 ,3,바지
1190,남성) 더  웜 슬림 사이드밴딩 슬랙스 ,2,바지
1191,폴리 스판 세미와이드핏 슬랙스,4,바지
1192,기모 슬림핏 밴딩 슬랙스,5,바지
1193,기모 슬림핏 밴딩 슬랙스,2,바지
1194,사이드밴딩 슬림핏 셋업 슬랙스,4,바지
1195,기모 패턴 퍼펙트 슬랙스 (SET 4KC1400),4,바지
1196,일상 슬림핏 슬랙스,4,바지
1197,일상 슬림핏 슬랙스,2,바지
1198,일상 슬림핏 슬랙스,3,바지
1199,남성) 테이퍼드 백밴딩 슬랙스,5,바지
1200,사이드밴딩 슬림핏 셋업 슬랙스,4,바지
1201,세미와이드 백밴딩 슬랙스,4,바지
1202,기모 슬림핏 밴딩 슬랙스,3,바지
1203,남성) 더 웜 와이드 하프밴딩 슬랙스 ,5,바지
1204,남성) 더  웜 슬림 사이드밴딩 슬랙스 ,3,바지
1205,기모 스트레치 슬림핏 슬랙스,1,바지
1206,기모 테이퍼드핏 밴딩슬랙스,3,바지
1207,기모 패턴 퍼펙트 슬랙스 (SET 4KC1400),4,바지
1208,브러쉬드 사이드밴딩 슬림핏 슬랙스 (SET 4KC1300),5,바지
1209,히든밴딩 원턱 릴렉스핏 슬랙스,4,바지
1210,히든밴딩 원턱 릴렉스핏 슬랙스,2,바지
1211,남성) 세미와이드 풀밴딩 슬랙스,4,바지
1212,기모 패턴 셋업 슬랙스,1,바지
1213,기모 슬림핏 밴딩 슬랙스,4,바지
1214,기모 슬림핏 밴딩 슬랙스,4,바지
1215,세미와이드 백밴딩 슬랙스,4,바지
1216,사이드밴딩 슬림핏 셋업 슬랙스,2,바지
1217,기모 패턴 퍼펙트 슬랙스 (SET 4KC1400),1,바지
1218,브러쉬드 사이드밴딩 슬림핏 슬랙스 (SET 4KC1300),4,바지
